Time,Used,Committed,Max
45438.727134,12017312,19689472,109576192
45438.727194,8973320,19689472,109576192
45438.727240,13412608,19689472,109576192
45438.727286,12546608,19689472,109576192
45438.727333,10799832,19689472,109576192
45438.727379,9061776,19689472,109576192
45438.727472,10678872,19689472,109576192
45438.727518,8568160,19689472,109576192
45438.727564,9383488,19689472,109576192
45438.727611,11706600,19689472,109576192
45438.727657,13972280,19689472,109576192
45438.727703,13609192,19689472,109576192
45438.727750,12479816,19689472,109576192
45438.727796,10081280,19689472,109576192
45438.727842,9188824,19689472,109576192
45438.727889,14201032,19689472,109576192
45438.727935,13661096,19689472,109576192
45438.727982,10783808,19689472,109576192
45438.728028,9365728,19689472,109576192
45438.728074,10325192,19689472,109576192
45438.728121,11222632,19689472,109576192
45438.728167,10120800,19689472,109576192
45438.728213,10472672,19689472,109576192
45438.728260,10877096,19689472,109576192
45438.728306,11797760,19689472,109576192
45438.728352,13021128,19689472,109576192
45438.728399,14154408,19689472,109576192
45438.728445,14528992,19689472,109576192
45438.728491,14451648,19689472,109576192
45438.728538,14564224,19689472,109576192
45438.728584,10016880,19689472,109576192
45438.728630,10009944,19689472,109576192
45438.728677,10471168,19689472,109576192
45438.728724,12364968,19689472,109576192
45438.728771,11439632,19689472,109576192
45438.728817,11856384,19689472,109576192
45438.728863,12896936,19689472,109576192
45438.728909,13637424,19689472,109576192
45438.728956,9642608,19689472,109576192
45438.729002,11553000,19689472,109576192
45438.729049,13840576,19689472,109576192
45438.729095,14688800,19689472,109576192
45438.729142,10923048,19689472,109576192
45438.729188,11373816,19689472,109576192
45438.729234,12044128,19689472,109576192
45438.729281,13960504,19689472,109576192
45438.729327,10153048,19689472,109576192
45438.729373,13636408,19689472,109576192
45438.729419,14459616,19689472,109576192
45438.729466,9984120,19689472,109576192
45438.729512,13769456,19689472,109576192
45438.729559,14241576,19689472,109576192
45438.729605,14483488,19689472,109576192
45438.729652,14047960,19689472,109576192
45438.729698,11196456,19689472,109576192
45438.729744,10227640,19689472,109576192
45438.729837,10284080,19689472,109576192
45438.729883,13482280,19689472,109576192
45438.729930,14141536,19689472,109576192
45438.729976,11268072,19689472,109576192
45438.730023,10624328,19689472,109576192
45438.730069,10537512,19689472,109576192
45438.730115,15638392,19689472,109576192
45438.730162,15625240,19689472,109576192
45438.730208,14374944,19689472,109576192
45438.730254,13194568,19689472,109576192
45438.730301,13345752,19689472,109576192
45438.730347,12153656,19689472,109576192
45438.730394,12858344,19689472,109576192
45438.730440,14214704,19689472,109576192
45438.730486,14192032,19689472,109576192
45438.730532,14095144,19689472,109576192
45438.730579,13768744,19689472,109576192
45438.730625,13553240,19689472,109576192
45438.730672,12488088,19689472,109576192
45438.730718,13531312,19689472,109576192
45438.730765,14557192,19689472,109576192
45438.730811,16001328,19689472,109576192
45438.730857,11949104,19689472,109576192
45438.730904,14207800,19689472,109576192
45438.730950,15373240,19689472,109576192
45438.730997,16215920,19689472,109576192
45438.731043,13989632,19689472,109576192
45438.731089,14343344,19689472,109576192
45438.731135,15466264,19689472,109576192
45438.731182,12051760,19689472,109576192
45438.731228,13670496,19689472,109576192
45438.731275,13763520,19689472,109576192
45438.731321,12485296,19689472,109576192
45438.731367,16196864,19689472,109576192
45438.731414,11888368,19689472,109576192
45438.731460,12884704,19689472,109576192
45438.731506,15932160,19689472,109576192
45438.731553,12615768,19689472,109576192
45438.731599,15101800,19689472,109576192
45438.731645,13012728,19689472,109576192
45438.731692,15014768,19689472,109576192
45438.731738,13141856,19689472,109576192
45438.731785,11570704,19689472,109576192
45438.731832,15719416,19689472,109576192
45438.731878,13046272,19689472,109576192
45438.731924,13482368,19689472,109576192
45438.731971,14267760,19689472,109576192
45438.732017,11572712,19689472,109576192
45438.732064,16557016,19689472,109576192
45438.732110,11752768,19689472,109576192
45438.732156,14984448,19689472,109576192
45438.732203,12455176,19689472,109576192
45438.732249,15479256,19689472,109576192
45438.732295,13112784,19689472,109576192
45438.732342,16125112,19689472,109576192
45438.732388,13617424,19689472,109576192
45438.732434,16577184,19689472,109576192
45438.732480,14046864,19689472,109576192
45438.732527,12058040,19689472,109576192
45438.732573,14824072,19689472,109576192
45438.732619,12227072,19689472,109576192
45438.732666,13473648,19689472,109576192
45438.732712,16712768,19689472,109576192
45438.732758,13552176,19689472,109576192
45438.732805,15879160,19689472,109576192
45438.732851,13725096,19689472,109576192
45438.732897,17010336,19689472,109576192
45438.732943,14128608,19689472,109576192
45438.732990,16805672,19689472,109576192
45438.733036,13967936,19689472,109576192
45438.733083,17424968,19689472,109576192
45438.733129,14258744,19689472,109576192
45438.733175,17474240,19689472,109576192
45438.733222,14371888,19689472,109576192
45438.733268,12592360,19689472,109576192
45438.733314,13966336,19689472,109576192
45438.733361,15839376,19689472,109576192
45438.733408,13836192,19689472,109576192
45438.733454,17314448,19689472,109576192
45438.733500,14857336,19689472,109576192
45438.733546,12824792,19689472,109576192
45438.733593,15839536,19689472,109576192
45438.733639,13306544,19689472,109576192
45438.733685,16154152,19689472,109576192
45438.733749,15318256,19689472,109576192
45438.733795,13910080,19689472,109576192
45438.733841,16925744,19689472,109576192
45438.733888,13961256,19689472,109576192
45438.733934,16826248,19689472,109576192
45438.733980,13993608,19689472,109576192
45438.734027,16038696,19689472,109576192
45438.734073,17205664,19689472,109576192
45438.734119,14341176,19689472,109576192
45438.734166,16900424,19689472,109576192
45438.734212,14325984,19689472,109576192
45438.734258,18137632,19689472,109576192
45438.734305,15562816,19689472,109576192
45438.734351,18378824,19689472,109576192
45438.734399,16527704,19689472,109576192
45438.734444,13371680,19689472,109576192
45438.734490,16620120,19689472,109576192
45438.734537,13861120,19689472,109576192
45438.734583,17098568,19689472,109576192
45438.734630,14840912,19689472,109576192
45438.734675,17867232,19689472,109576192
45438.734722,15434736,19689472,109576192
45438.734768,17833128,19689472,109576192
45438.734815,15191304,19689472,109576192
45438.734861,18595304,19689472,109576192
45438.734907,13932656,19689472,109576192
45438.734954,16941648,19689472,109576192
45438.735000,14201560,19689472,109576192
45438.735046,13684720,32894976,109576192
45438.735093,16542840,32894976,109576192
45438.735139,20108856,32894976,109576192
45438.735185,22187904,32894976,109576192
45438.735232,16231536,32894976,109576192
45438.735278,19772152,32894976,109576192
45438.735324,14380816,32894976,109576192
45438.735371,17610840,32894976,109576192
45438.735418,21149632,32894976,109576192
45438.735464,14457984,32894976,109576192
45438.735510,17081896,32894976,109576192
45438.735557,20672568,32894976,109576192
45438.735603,14882144,32894976,109576192
45438.735650,18444008,32894976,109576192
45438.735696,19408176,32894976,109576192
45438.735742,14034824,32894976,109576192
45438.735790,18164056,32894976,109576192
45438.735835,20774888,32894976,109576192
45438.735881,14656480,32894976,109576192
45438.735928,18570400,32894976,109576192
45438.735974,22543592,32894976,109576192
45438.736020,16562136,32894976,109576192
45438.736067,20172312,32894976,109576192
45438.736113,14379848,32894976,109576192
45438.736159,17206752,32894976,109576192
45438.736206,20778720,32894976,109576192
45438.736252,15014520,32894976,109576192
45438.736299,18932616,32894976,109576192
45438.736345,20997144,32894976,109576192
45438.736391,15075896,32894976,109576192
45438.736438,18798656,32894976,109576192
45438.736484,22922960,32894976,109576192
45438.736530,17006712,32894976,109576192
45438.736577,20569904,32894976,109576192
45438.736623,14778728,32894976,109576192
45438.736669,18554688,32894976,109576192
45438.736716,22103704,32894976,109576192
45438.736762,15966640,32894976,109576192
45438.736809,19911440,32894976,109576192
45438.736855,22937224,32894976,109576192
45438.736901,17172136,32894976,109576192
45438.736948,21099720,32894976,109576192
45438.737012,19096048,32894976,109576192
45438.737058,20773288,32894976,109576192
45438.737104,15188704,32894976,109576192
45438.737151,18962600,32894976,109576192
45438.737197,22501808,32894976,109576192
45438.737243,16741288,32894976,109576192
45438.737290,19042944,32894976,109576192
45438.737336,21823424,32894976,109576192
45438.737383,15910816,32894976,109576192
45438.737429,19651328,32894976,109576192
45438.737475,21524272,32894976,109576192
45438.737522,23057808,32894976,109576192
45438.737568,17450288,32894976,109576192
45438.737615,21774816,32894976,109576192
45438.737661,15805888,32894976,109576192
45438.737707,19967880,32894976,109576192
45438.737753,23720944,32894976,109576192
45438.737800,18135640,32894976,109576192
45438.737846,20934432,32894976,109576192
45438.737893,15163400,32894976,109576192
45438.737939,18734504,32894976,109576192
45438.737985,22332384,32894976,109576192
45438.738032,17098544,32894976,109576192
45438.738078,20692968,32894976,109576192
45438.738124,24050296,32894976,109576192
45438.738171,18312616,32894976,109576192
45438.738217,21316208,32894976,109576192
45438.738263,15540928,32894976,109576192
45438.738310,19476536,32894976,109576192
45438.738356,20998032,32894976,109576192
45438.738403,24011008,32894976,109576192
45438.738449,21401848,32894976,109576192
45438.738495,21825448,32894976,109576192
45438.738542,21666808,32894976,109576192
45438.738588,21298448,32894976,109576192
45438.738634,21341592,32894976,109576192
45438.738681,20622936,32894976,109576192
45438.738727,20990632,32894976,109576192
45438.738773,20849792,32894976,109576192
45438.738820,20854624,32894976,109576192
45438.738866,20535800,32894976,109576192
45438.738912,18658480,32894976,109576192
45438.738959,18873696,32894976,109576192
45438.739005,17804120,32894976,109576192
45438.739051,17452152,32894976,109576192
45438.739098,18196472,32894976,109576192
45438.739144,16379976,32894976,109576192
45438.739190,16376896,32894976,109576192
45438.739237,16403544,32894976,109576192
45438.739283,16239048,32894976,109576192
45438.739329,16451704,32894976,109576192
45438.739376,16106936,32894976,109576192
45438.739422,15948952,32894976,109576192
45438.739468,16524864,32894976,109576192
45438.739514,16192272,32894976,109576192
45438.739561,16033248,32894976,109576192
45438.739607,24631328,32894976,109576192
45438.739654,24500648,32894976,109576192
45438.739700,24692240,32894976,109576192
45438.739746,25103832,32894976,109576192
45438.739792,25100304,32894976,109576192
45438.739839,15966968,32894976,109576192
45438.739885,25168568,32894976,109576192
45438.739931,16019056,32894976,109576192
45438.739978,16041712,32894976,109576192
45438.740024,25220920,32894976,109576192
45438.740070,16100800,32894976,109576192
45438.740117,25090016,32894976,109576192
45438.740163,25321048,32894976,109576192
45438.740210,24964376,32894976,109576192
45438.740256,24974680,32894976,109576192
45438.740302,23711600,32894976,109576192
45438.740349,23543664,32894976,109576192
45438.740395,23767016,32894976,109576192
45438.740442,24169000,32894976,109576192
45438.740488,24366688,32894976,109576192
45438.740534,24393120,32894976,109576192
45438.740581,24608120,32894976,109576192
45438.740627,24650344,32894976,109576192
45438.740673,24664280,32894976,109576192
45438.740720,23851424,32894976,109576192
45438.740766,23774616,32894976,109576192
45438.740812,23784360,32894976,109576192
45438.740859,23838184,32894976,109576192
45438.740905,24045224,32894976,109576192
45438.740951,23697560,32894976,109576192
45438.740998,22983584,32894976,109576192
45438.741059,17412304,32894976,109576192
45438.741106,24879992,32894976,109576192
45438.741152,24564752,32894976,109576192
45438.741199,24400224,32894976,109576192
45438.741245,24223672,32894976,109576192
45438.741291,24266576,32894976,109576192
45438.741338,24441008,32894976,109576192
45438.741384,24490848,32894976,109576192
45438.741430,24310112,32894976,109576192
45438.741477,24513624,32894976,109576192
45438.741523,24726288,32894976,109576192
45438.741569,25142448,32894976,109576192
45438.741616,25166864,32894976,109576192
45438.741662,24656288,32894976,109576192
45438.741709,23326576,32894976,109576192
45438.741755,23768016,32894976,109576192
45438.741801,23226960,32894976,109576192
45438.741847,22855472,32894976,109576192
45438.741894,23082880,32894976,109576192
45438.741940,23303400,32894976,109576192
45438.741986,23322576,32894976,109576192
45438.742033,22763848,32894976,109576192
45438.742080,23751376,32894976,109576192
45438.742125,22467768,32894976,109576192
45438.742172,22448680,32894976,109576192
45438.742218,22510672,32894976,109576192
45438.742265,22324840,32894976,109576192
45438.742311,22004784,32894976,109576192
45438.742357,18819944,32894976,109576192
45438.742403,18312864,32894976,109576192
45438.742450,18125744,32894976,109576192
45438.742496,18169704,32894976,109576192
45438.742543,18173328,32894976,109576192
45438.742589,18595112,32894976,109576192
45438.742635,18596128,32894976,109576192
45438.742681,18464184,32894976,109576192
45438.742728,19230664,32894976,109576192
45438.742775,18879128,32894976,109576192
45438.742821,19277296,32894976,109576192
45438.742867,19465696,32894976,109576192
45438.742914,19331664,32894976,109576192
45438.742960,18612080,32894976,109576192
45438.743006,18444328,32894976,109576192
45438.743053,18479296,32894976,109576192
45438.743099,17717656,32894976,109576192
45438.743145,26901344,32894976,109576192
45438.743191,17953888,32894976,109576192
45438.743238,26608416,32894976,109576192
45438.743284,26633408,32894976,109576192
45438.743331,26839960,32894976,109576192
45438.743377,26667696,32894976,109576192
45438.743423,26877152,32894976,109576192
45438.743469,26909288,32894976,109576192
45438.743516,26550832,32894976,109576192
45438.743562,27144616,32894976,109576192
45438.743608,27153080,32894976,109576192
45438.743654,26801080,32894976,109576192
45438.743702,27192832,32894976,109576192
45438.743748,18055824,32894976,109576192
45438.743794,26307504,32894976,109576192
45438.743841,25229224,32894976,109576192
45438.743887,24341112,32894976,109576192
45438.743933,24551872,32894976,109576192
45438.743980,24177512,32894976,109576192
45438.744026,24552488,32894976,109576192
45438.744073,24614544,32894976,109576192
45438.744119,24610128,32894976,109576192
45438.744165,24301568,32894976,109576192
45438.744212,23007288,32894976,109576192
45438.744258,23418328,32894976,109576192
45438.744304,23438288,32894976,109576192
45438.744351,23825136,32894976,109576192
45438.744397,23122288,32894976,109576192
45438.744443,22770552,32894976,109576192
45438.744490,21865328,32894976,109576192
45438.744536,22072736,32894976,109576192
45438.744582,22079960,32894976,109576192
45438.744629,22071176,32894976,109576192
45438.744675,22143160,32894976,109576192
45438.744721,21021752,32894976,109576192
45438.744768,21069512,32894976,109576192
45438.744814,20888016,32894976,109576192
45438.744860,21099520,32894976,109576192
45438.744907,20751592,32894976,109576192
45438.744953,20796696,32894976,109576192
45438.744999,20824240,32894976,109576192
45438.745046,21004808,32894976,109576192
45438.745092,20689944,32894976,109576192
45438.745138,20318840,32894976,109576192
45438.745185,19025888,32894976,109576192
45438.745231,18882480,32894976,109576192
45438.745278,19081328,32894976,109576192
45438.745324,19115104,32894976,109576192
45438.745370,19346664,32894976,109576192
45438.745417,19172840,32894976,109576192
45438.745463,19167944,32894976,109576192
45438.745509,19417096,32894976,109576192
45438.745556,19632400,32894976,109576192
45438.745602,19844456,32894976,109576192
45438.745648,20025800,32894976,109576192
45438.745695,19885928,32894976,109576192
45438.745741,19908800,32894976,109576192
45438.745787,20101880,32894976,109576192
45438.745834,27422848,32894976,109576192
45438.745880,25388512,32894976,109576192
45438.745927,25068992,32894976,109576192
45438.745973,25245096,32894976,109576192
45438.746019,25098656,32894976,109576192
45438.746066,25485952,32894976,109576192
45438.746112,25533208,32894976,109576192
45438.746158,25558312,32894976,109576192
45438.746205,25554160,32894976,109576192
45438.746251,25980608,32894976,109576192
45438.746298,26178656,32894976,109576192
45438.746344,26351760,32894976,109576192
45438.746390,26237976,32894976,109576192
45438.746437,26618008,32894976,109576192
45438.746483,26270880,32894976,109576192
45438.746529,25599328,32894976,109576192
45438.746576,22943264,32894976,109576192
45438.746622,22604512,32894976,109576192
45438.746669,22839592,32894976,109576192
45438.746716,23215032,32894976,109576192
45438.746761,22322672,32894976,109576192
45438.746808,22320536,32894976,109576192
45438.746854,22190808,32894976,109576192
45438.746900,22205104,32894976,109576192
45438.746947,22215960,32894976,109576192
45438.746993,21671000,32894976,109576192
45438.747039,22104600,32894976,109576192
45438.747086,21561672,32894976,109576192
45438.747132,21370096,32894976,109576192
45438.747179,21422488,32894976,109576192
45438.747225,21087832,32894976,109576192
45438.747271,20156744,32894976,109576192
45438.747318,21102784,32894976,109576192
45438.747364,19984392,32894976,109576192
45438.747410,20617720,32894976,109576192
45438.747456,20614088,32894976,109576192
45438.747503,20664320,32894976,109576192
45438.747549,21041696,32894976,109576192
45438.747596,21062032,32894976,109576192
45438.747642,21272496,32894976,109576192
45438.747688,20376056,32894976,109576192
45438.747735,20223720,32894976,109576192
45438.747781,20256744,32894976,109576192
45438.747827,20618168,32894976,109576192
45438.747874,20873408,32894976,109576192
45438.747920,20704264,32894976,109576192
45438.747966,29323464,32894976,109576192
45438.748013,20739968,32894976,109576192
45438.748059,20571008,32894976,109576192
45438.748106,20590816,32894976,109576192
45438.748152,20594728,32894976,109576192
45438.748198,20641392,32894976,109576192
45438.748245,21071808,32894976,109576192
45438.748291,21461040,32894976,109576192
45438.748338,22213296,32894976,109576192
45438.748384,21703496,32894976,109576192
45438.748430,21140496,32894976,109576192
45438.748476,21192920,32894976,109576192
45438.748523,20815136,32894976,109576192
45438.748569,20859776,32894976,109576192
45438.748615,20905808,32894976,109576192
45438.748662,29673312,32894976,109576192
45438.748708,29727360,32894976,109576192
45438.748754,29712648,32894976,109576192
45438.748801,29749288,32894976,109576192
45438.748847,29767440,32894976,109576192
45438.748893,30010632,32894976,109576192
45438.748941,21444136,32894976,109576192
45438.748986,21084408,32894976,109576192
45438.749032,21088616,32894976,109576192
45438.749079,21299696,32894976,109576192
45438.749125,21167072,32894976,109576192
45438.749171,21180280,32894976,109576192
45438.749218,21183040,32894976,109576192
45438.749264,21586216,32894976,109576192
45438.749310,30233120,32894976,109576192
45438.749357,28761064,32894976,109576192
45438.749403,28975272,32894976,109576192
45438.749449,28831552,32894976,109576192
45438.749496,27700296,32894976,109576192
45438.749542,27928328,32894976,109576192
45438.749588,27935552,32894976,109576192
45438.749635,28362168,32894976,109576192
45438.749681,28715896,32894976,109576192
45438.749727,28959776,32894976,109576192
45438.749774,29150992,32894976,109576192
45438.749820,29566984,32894976,109576192
45438.749867,29968536,32894976,109576192
45438.749913,29967400,32894976,109576192
45438.749959,21587880,32894976,109576192
45438.750006,30220736,32894976,109576192
45438.750052,29109840,32894976,109576192
45438.750098,29346832,32894976,109576192
45438.750144,29168152,32894976,109576192
45438.750191,29184752,32894976,109576192
45438.750237,29018440,32894976,109576192
45438.750283,29440504,32894976,109576192
45438.750330,29842240,32894976,109576192
45438.750376,29858144,32894976,109576192
45438.750423,29878208,32894976,109576192
45438.750469,29742496,32894976,109576192
45438.750515,29947872,32894976,109576192
45438.750562,29762288,32894976,109576192
45438.750608,30001840,32894976,109576192
45438.750654,30024832,32894976,109576192
45438.750701,30041752,32894976,109576192
45438.750747,29114552,32894976,109576192
45438.750793,28597592,32894976,109576192
45438.750839,28960032,32894976,109576192
45438.750886,28814240,32894976,109576192
45438.750932,29052120,32894976,109576192
45438.750979,28879936,32894976,109576192
45438.751026,29654808,32894976,109576192
45438.751071,28561584,32894976,109576192
45438.751118,28945112,32894976,109576192
45438.751164,28061184,32894976,109576192
45438.751225,22455744,32894976,109576192
45438.751271,29039112,32894976,109576192
45438.751318,27182832,32894976,109576192
45438.751365,27399656,32894976,109576192
45438.751411,26112688,32894976,109576192
45438.751457,26501104,32894976,109576192
45438.751503,26176824,32894976,109576192
45438.751550,26397960,32894976,109576192
45438.751596,26046992,32894976,109576192
45438.751642,26233168,32894976,109576192
45438.751689,26230872,32894976,109576192
45438.751735,26489920,32894976,109576192
45438.751781,26708928,32894976,109576192
45438.751828,26546280,32894976,109576192
45438.751874,26379288,32894976,109576192
45438.751921,26382872,32894976,109576192
45438.751967,26805160,32894976,109576192
45438.752013,26812816,32894976,109576192
45438.752060,26656352,32894976,109576192
45438.752106,25551984,32894976,109576192
45438.752152,25757952,32894976,109576192
45438.752199,25443072,32894976,109576192
45438.752245,25430032,32894976,109576192
45438.752291,25272384,32894976,109576192
45438.752338,14387664,34795520,109576192
45438.752384,19390040,34795520,109576192
45438.752430,18295136,34795520,109576192
45438.752477,16868768,34795520,109576192
45438.752523,15119616,34795520,109576192
45438.752569,23367624,34795520,109576192
45438.752616,22052624,34795520,109576192
45438.752662,20252736,34795520,109576192
45438.752708,18134808,34795520,109576192
45438.752755,16421624,34795520,109576192
45438.752801,23686320,34795520,109576192
45438.752847,22092328,34795520,109576192
45438.752894,20573088,34795520,109576192
45438.752940,18876280,34795520,109576192
45438.752988,18047576,34795520,109576192
45438.753033,15373160,34795520,109576192
45438.753079,24034352,34795520,109576192
45438.753126,22302912,34795520,109576192
45438.753172,21073144,34795520,109576192
45438.753218,19088968,34795520,109576192
45438.753265,18103256,34795520,109576192
45438.753311,16291488,34795520,109576192
45438.753358,15129584,34795520,109576192
45438.753404,23426512,34795520,109576192
45438.753450,23696832,34795520,109576192
45438.753497,19685312,34795520,109576192
45438.753543,17974704,34795520,109576192
45438.753589,16434832,34795520,109576192
45438.753636,15279296,34795520,109576192
45438.753682,23347016,34795520,109576192
45438.753728,22001984,34795520,109576192
45438.753775,20648040,34795520,109576192
45438.753821,19060840,34795520,109576192
45438.753868,17858536,34795520,109576192
45438.753914,16221136,34795520,109576192
45438.753961,24487848,34795520,109576192
45438.754007,23131008,34795520,109576192
45438.754053,21699096,34795520,109576192
45438.754100,20333560,34795520,109576192
45438.754146,18576200,34795520,109576192
45438.754192,15751520,34795520,109576192
45438.754239,23853896,34795520,109576192
45438.754285,22879680,34795520,109576192
45438.754331,21124136,34795520,109576192
45438.754378,19603824,34795520,109576192
45438.754424,18195992,34795520,109576192
45438.754470,16506856,34795520,109576192
45438.754517,25116872,34795520,109576192
45438.754563,23390792,34795520,109576192
45438.754609,21444112,34795520,109576192
45438.754655,20118264,34795520,109576192
45438.754702,18598128,34795520,109576192
45438.754748,17269640,34795520,109576192
45438.754796,16514360,34795520,109576192
45438.754841,23955520,34795520,109576192
45438.754887,21353056,34795520,109576192
45438.754934,19807856,34795520,109576192
45438.754980,18324056,34795520,109576192
45438.755026,16592496,34795520,109576192
45438.755073,25247512,34795520,109576192
45438.755119,23888624,34795520,109576192
45438.755165,22508656,34795520,109576192
45438.755212,20808096,34795520,109576192
45438.755258,19260864,34795520,109576192
45438.755304,17805272,34795520,109576192
45438.755351,16170160,34795520,109576192
45438.755397,24617712,34795520,109576192
45438.755443,23426632,34795520,109576192
45438.755490,21855888,34795520,109576192
45438.755536,20492024,34795520,109576192
45438.755582,16508760,34795520,109576192
45438.755629,24177464,34795520,109576192
45438.755675,22968888,34795520,109576192
45438.755721,21466128,34795520,109576192
45438.755768,20182760,34795520,109576192
45438.755814,18614344,34795520,109576192
45438.755861,17407848,34795520,109576192
45438.755907,25824192,34795520,109576192
45438.755954,24875440,34795520,109576192
45438.756000,23132088,34795520,109576192
45438.756046,21925568,34795520,109576192
45438.756093,20777800,34795520,109576192
45438.756139,19116976,34795520,109576192
45438.756186,17775352,34795520,109576192
45438.756232,16440152,34795520,109576192
45438.756278,23713568,34795520,109576192
45438.756325,22287072,34795520,109576192
45438.756371,21075440,34795520,109576192
45438.756417,19451456,34795520,109576192
45438.756464,18187080,34795520,109576192
45438.756510,16784728,34795520,109576192
45438.756556,25021304,34795520,109576192
45438.756603,23688136,34795520,109576192
45438.756649,22251488,34795520,109576192
45438.756695,20975864,34795520,109576192
45438.756742,19071392,34795520,109576192
45438.756788,17759688,34795520,109576192
45438.756835,26363136,34795520,109576192
45438.756881,25179376,34795520,109576192
45438.756927,23551992,34795520,109576192
45438.756974,20535056,34795520,109576192
45438.757020,18452136,34795520,109576192
45438.757066,17237272,34795520,109576192
45438.757113,23985864,34795520,109576192
45438.757159,22197208,34795520,109576192
45438.757205,21026664,34795520,109576192
45438.757251,19276840,34795520,109576192
45438.757298,17543440,34795520,109576192
45438.757344,25892368,34795520,109576192
45438.757391,24226568,34795520,109576192
45438.757437,22468648,34795520,109576192
45438.757483,20981312,34795520,109576192
45438.757530,19766008,34795520,109576192
45438.757576,18180920,34795520,109576192
45438.757622,26485968,34795520,109576192
45438.757669,24192512,34795520,109576192
45438.757715,22870784,34795520,109576192
45438.757761,21517752,34795520,109576192
45438.757808,19972040,34795520,109576192
45438.757854,18229688,34795520,109576192
45438.757901,26614432,34795520,109576192
45438.757947,25117240,34795520,109576192
45438.757993,23598880,34795520,109576192
45438.758040,21851496,34795520,109576192
45438.758086,19732304,34795520,109576192
45438.758132,17980320,34795520,109576192
45438.758179,26283440,34795520,109576192
45438.758225,24699688,34795520,109576192
45438.758271,22706264,34795520,109576192
45438.758318,21619776,34795520,109576192
45438.758364,19143992,34795520,109576192
45438.758411,17730544,34795520,109576192
45438.758457,26374536,34795520,109576192
45438.758503,25052448,34795520,109576192
45438.758550,23579088,34795520,109576192
45438.758596,22060800,34795520,109576192
45438.758642,20595336,34795520,109576192
45438.758689,19321640,34795520,109576192
45438.758735,17703944,34795520,109576192
45438.758781,26166664,34795520,109576192
45438.758828,24786688,34795520,109576192
45438.758874,23579544,34795520,109576192
45438.758920,22109360,34795520,109576192
45438.758967,20566552,34795520,109576192
45438.759013,18848696,34795520,109576192
45438.759059,26523160,34795520,109576192
45438.759106,25305264,34795520,109576192
45438.759152,23727296,34795520,109576192
45438.759199,22258880,34795520,109576192
45438.759245,20769816,34795520,109576192
45438.759291,19386496,34795520,109576192
45438.759338,18214376,34795520,109576192
45438.759384,26505936,34795520,109576192
45438.759430,24726064,34795520,109576192
45438.759477,23492424,34795520,109576192
45438.759523,21721760,34795520,109576192
45438.759569,20001392,34795520,109576192
45438.759616,19160864,34795520,109576192
45438.759663,27626760,34795520,109576192
45438.759709,25864072,34795520,109576192
45438.759755,23324912,34795520,109576192
45438.759801,21743992,34795520,109576192
45438.759848,20278312,34795520,109576192
45438.759894,26366280,34795520,109576192
45438.759940,25188144,34795520,109576192
45438.759986,23608888,34795520,109576192
45438.760033,21877424,34795520,109576192
45438.760079,20457784,34795520,109576192
45438.760125,18832040,34795520,109576192
45438.760172,26879368,34795520,109576192
45438.760218,25333632,34795520,109576192
45438.760264,23986944,34795520,109576192
45438.760311,22429440,34795520,109576192
45438.760357,20886176,34795520,109576192
45438.760404,19550712,34795520,109576192
45438.760450,26697392,34795520,109576192
45438.760496,25032352,34795520,109576192
45438.760543,23539064,34795520,109576192
45438.760589,21948432,34795520,109576192
45438.760635,20533384,34795520,109576192
45438.760681,19317800,34795520,109576192
45438.760728,27535464,34795520,109576192
45438.760774,26173400,34795520,109576192
45438.760820,24432264,34795520,109576192
45438.760867,23120416,34795520,109576192
45438.760913,21609272,34795520,109576192
45438.760960,20009728,34795520,109576192
45438.761006,28504744,34795520,109576192
45438.761052,26740040,34795520,109576192
45438.761099,25389848,34795520,109576192
45438.761145,23028248,34795520,109576192
45438.761191,21423224,34795520,109576192
45438.761238,19992960,34795520,109576192
45438.761284,28628344,34795520,109576192
45438.761330,27143784,34795520,109576192
45438.761377,25683280,34795520,109576192
45438.761423,23783584,34795520,109576192
45438.761470,22083608,34795520,109576192
45438.761516,20934096,34795520,109576192
45438.761562,19141416,34795520,109576192
45438.761609,26811064,34795520,109576192
45438.761655,25493568,34795520,109576192
45438.761701,24174504,34795520,109576192
45438.761748,22762584,34795520,109576192
45438.761794,21064040,34795520,109576192
45438.761841,25846960,34795520,109576192
45438.761887,20100832,34795520,109576192
45438.761933,28197024,34795520,109576192
45438.761979,26671536,34795520,109576192
45438.762026,25240272,34795520,109576192
45438.762072,27054088,34795520,109576192
45438.762118,25726720,34795520,109576192
45438.762165,24207256,34795520,109576192
45438.762211,22609368,34795520,109576192
45438.762257,21367376,34795520,109576192
45438.762304,19534768,34795520,109576192
45438.762350,27612888,34795520,109576192
45438.762396,26569952,34795520,109576192
45438.762443,24904592,34795520,109576192
45438.762489,23736968,34795520,109576192
45438.762535,20832760,34795520,109576192
45438.762581,28707648,34795520,109576192
45438.762628,27360368,34795520,109576192
45438.762674,25719400,34795520,109576192
45438.762720,24264280,34795520,109576192
45438.762767,22856648,34795520,109576192
45438.762813,21433736,34795520,109576192
45438.762859,20012688,34795520,109576192
45438.762921,22132144,34795520,109576192
45438.762967,27341160,34795520,109576192
45438.763013,25871072,34795520,109576192
45438.763060,24244968,34795520,109576192
45438.763106,22624280,34795520,109576192
45438.763152,21184960,34795520,109576192
45438.763199,29264080,34795520,109576192
45438.763245,26893512,34795520,109576192
45438.763291,25307016,34795520,109576192
45438.763338,23598720,34795520,109576192
45438.763384,22045592,34795520,109576192
45438.763430,20088840,34795520,109576192
45438.763477,28654824,34795520,109576192
45438.763523,27203264,34795520,109576192
45438.763569,25482448,34795520,109576192
45438.763616,24127968,34795520,109576192
45438.763662,22782352,34795520,109576192
45438.763709,21630040,34795520,109576192
45438.763755,29916272,34795520,109576192
45438.763801,28366872,34795520,109576192
45438.763848,26956496,34795520,109576192
45438.763894,25445264,34795520,109576192
45438.763940,22844056,34795520,109576192
45438.763987,21370720,34795520,109576192
45438.764033,29820448,34795520,109576192
45438.764079,28465824,34795520,109576192
45438.764126,26678920,34795520,109576192
45438.764172,25525280,34795520,109576192
45438.764218,23656736,34795520,109576192
45438.764265,22306840,34795520,109576192
45438.764311,20760848,34795520,109576192
45438.764357,29132328,34795520,109576192
45438.764404,27828640,34795520,109576192
45438.764450,26437872,34795520,109576192
45438.764496,22421944,34795520,109576192
45438.764543,20682712,34795520,109576192
45438.764589,29147880,34795520,109576192
45438.764635,26752680,34795520,109576192
45438.764682,25059216,34795520,109576192
45438.764728,23508800,34795520,109576192
45438.764774,21958504,34795520,109576192
45438.764821,30271048,34795520,109576192
45438.764867,28917160,34795520,109576192
45438.764913,27135840,34795520,109576192
45438.764960,25395456,34795520,109576192
45438.765006,24413104,34795520,109576192
45438.765052,22317680,34795520,109576192
45438.765099,21152000,34795520,109576192
45438.765145,29234984,34795520,109576192
45438.765191,27886152,34795520,109576192
45438.765238,26336216,34795520,109576192
45438.765284,25064488,34795520,109576192
45438.765331,22461376,34795520,109576192
45438.765377,21498280,34795520,109576192
45438.765423,29995312,34795520,109576192
45438.765470,28188672,34795520,109576192
45438.765516,26861856,34795520,109576192
45438.765562,24926504,34795520,109576192
45438.765609,23704424,34795520,109576192
45438.765655,22466552,34795520,109576192
45438.765701,30738256,34795520,109576192
45438.765748,29388904,34795520,109576192
45438.765794,27997056,34795520,109576192
45438.765840,26646600,34795520,109576192
45438.765887,25292544,34795520,109576192
45438.765933,23742704,34795520,109576192
45438.765979,22206936,34795520,109576192
45438.766026,29511424,34795520,109576192
45438.766072,27938496,34795520,109576192
45438.766119,26657040,34795520,109576192
45438.766165,25046432,34795520,109576192
45438.766211,23692864,34795520,109576192
45438.766258,22141008,34795520,109576192
45438.766304,29986336,34795520,109576192
45438.766350,28833560,34795520,109576192
45438.766397,27062480,34795520,109576192
45438.766443,25573744,34795520,109576192
45438.766489,24027888,34795520,109576192
45438.766536,22678112,34795520,109576192
45438.766582,30977032,34795520,109576192
45438.766628,29843536,34795520,109576192
45438.766675,27984640,34795520,109576192
45438.766721,25034176,34795520,109576192
45438.766767,23589808,34795520,109576192
45438.766814,21825744,34795520,109576192
45438.766860,30529808,34795520,109576192
45438.766906,29050464,34795520,109576192
45438.766953,27419992,34795520,109576192
45438.766999,25972424,34795520,109576192
45438.767045,24513520,34795520,109576192
45438.767092,22963144,34795520,109576192
45438.767138,31267288,34795520,109576192
45438.767184,29697560,34795520,109576192
45438.767231,28084680,34795520,109576192
45438.767277,26777904,34795520,109576192
45438.767323,25038136,34795520,109576192
45438.767370,23506080,34795520,109576192
45438.767416,30817000,34795520,109576192
45438.767462,29404792,34795520,109576192
45438.767509,27688408,34795520,109576192
45438.767555,26162976,34795520,109576192
45438.767601,24696392,34795520,109576192
45438.767648,23277424,34795520,109576192
45438.767694,31735720,34795520,109576192
45438.767740,30004016,34795520,109576192
45438.767787,28424496,34795520,109576192
45438.767833,26886928,34795520,109576192
45438.767879,25691480,34795520,109576192
45438.767926,24060344,34795520,109576192
45438.767972,22649256,34795520,109576192
45438.768018,30726840,34795520,109576192
45438.768065,29367328,34795520,109576192
45438.768111,27039384,34795520,109576192
45438.768157,25338504,34795520,109576192
45438.768204,23952720,34795520,109576192
45438.768250,22599928,34795520,109576192
45438.768296,30669832,34795520,109576192
45438.768343,29303216,34795520,109576192
45438.768389,27761184,34795520,109576192
45438.768436,26211352,34795520,109576192
45438.768482,24771872,34795520,109576192
45438.768528,23111576,34795520,109576192
45438.768574,31611400,34795520,109576192
45438.768621,30413824,34795520,109576192
45438.768667,29086936,34795520,109576192
45438.768713,27555648,34795520,109576192
45438.768760,26255296,34795520,109576192
45438.768806,24034728,34795520,109576192
45438.768852,32129672,34795520,109576192
45438.768899,30542664,34795520,109576192
45438.768945,28935360,34795520,109576192
45438.768991,24979112,34795520,109576192
45438.769038,23399896,34795520,109576192
45438.769084,31444888,34795520,109576192
45438.769130,30026728,34795520,109576192
45438.769177,28480504,34795520,109576192
45438.769223,26804768,34795520,109576192
45438.769269,25255288,34795520,109576192
45438.769316,23710288,34795520,109576192
45438.769362,32200088,34795520,109576192
45438.769408,30678712,34795520,109576192
45438.769455,28803016,34795520,109576192
45438.769501,26258256,34795520,109576192
45438.769547,24429552,34795520,109576192
45438.769594,32719496,34795520,109576192
45438.769640,30959632,34795520,109576192
45438.769698,29537912,34795520,109576192
45438.769744,26213448,34795520,109576192
45438.769790,25013048,34795520,109576192
45438.769837,23401744,34795520,109576192
45438.769883,31641864,34795520,109576192
45438.769929,30532920,34795520,109576192
45438.769976,29069312,34795520,109576192
45438.770022,27410872,34795520,109576192
45438.770069,25854752,34795520,109576192
45438.770115,24115192,34795520,109576192
45438.770161,31257800,34795520,109576192
45438.770207,29808256,34795520,109576192
45438.770254,28311016,34795520,109576192
45438.770300,27139056,34795520,109576192
45438.770347,25619296,34795520,109576192
45438.770393,23870232,34795520,109576192
45438.770439,32099664,34795520,109576192
45438.770486,31035736,34795520,109576192
45438.770532,29157896,34795520,109576192
45438.770578,27607712,34795520,109576192
45438.770625,25948864,34795520,109576192
45438.770671,24826544,34795520,109576192
45438.770718,33246416,34795520,109576192
45438.770764,31665520,34795520,109576192
45438.770810,30186472,34795520,109576192
45438.770857,27634624,34795520,109576192
45438.770903,26010672,34795520,109576192
45438.770949,24374264,34795520,109576192
45438.770996,32632152,34795520,109576192
45438.771042,30894360,34795520,109576192
45438.771088,29577880,34795520,109576192
45438.771135,15185712,36798464,109576192
45438.771181,20129288,36798464,109576192
45438.771228,16538552,36798464,109576192
45438.771274,22741400,36798464,109576192
45438.771321,18706760,36798464,109576192
45438.771367,25140664,36798464,109576192
45438.771413,20898016,36798464,109576192
45438.771460,16646864,36798464,109576192
45438.771506,22680608,36798464,109576192
45438.771552,17125672,36798464,109576192
45438.771599,23768960,36798464,109576192
45438.771645,19727032,36798464,109576192
45438.771692,15921576,36798464,109576192
45438.771738,22114280,36798464,109576192
45438.771785,18100920,36798464,109576192
45438.771831,24083304,36798464,109576192
45438.771877,19833240,36798464,109576192
45438.771924,16031416,36798464,109576192
45438.771970,21686960,36798464,109576192
45438.772016,17368696,36798464,109576192
45438.772063,23132144,36798464,109576192
45438.772109,18895648,36798464,109576192
45438.772155,25530480,36798464,109576192
45438.772202,21083328,36798464,109576192
45438.772248,24078680,36798464,109576192
45438.772294,18154808,36798464,109576192
45438.772341,24547928,36798464,109576192
45438.772387,20738544,36798464,109576192
45438.772433,16709200,36798464,109576192
45438.772480,23123648,36798464,109576192
45438.772526,18668880,36798464,109576192
45438.772573,25300048,36798464,109576192
45438.772619,21058608,36798464,109576192
45438.772665,16599328,36798464,109576192
45438.772711,23021176,36798464,109576192
45438.772758,18771960,36798464,109576192
45438.772804,25408128,36798464,109576192
45438.772851,21168280,36798464,109576192
45438.772897,17139040,36798464,109576192
45438.772943,22709080,36798464,109576192
45438.772989,18243424,36798464,109576192
45438.773037,25972640,36798464,109576192
45438.773082,20856160,36798464,109576192
45438.773129,16820264,36798464,109576192
45438.773175,23455256,36798464,109576192
45438.773221,18799808,36798464,109576192
45438.773268,25426456,36798464,109576192
45438.773314,21178096,36798464,109576192
45438.773360,16950080,36798464,109576192
45438.773406,23356240,36798464,109576192
45438.773453,19107376,36798464,109576192
45438.773499,25317872,36798464,109576192
45438.773546,21504672,36798464,109576192
45438.773592,17262064,36798464,109576192
45438.773638,21969152,36798464,109576192
45438.773685,17722544,36798464,109576192
45438.773731,24359520,36798464,109576192
45438.775088,0,0,0
